,Dimension_1,Dimension_2
0,-0.893194902016575,-4.031249913457985
1,0.3441910967205673,-1.398978919415877
2,-1.7638412150576042,1.818325039789139
3,2.33487608512379,0.9593436409205746
4,3.579171226981108,2.493374602483067
5,1.4170206401619876,-1.7602054659155786
6,2.3022036936117134,1.3860213834392552
7,-0.20063748046338142,2.2737962246525103
8,0.9818859234864613,-2.088994156116822
9,-0.3492730349229904,2.6130601473417334
10,-1.2637660347365618,0.6890694787529679
11,0.44027858227899935,-0.3292299230657609
12,-0.15731486316051296,-0.13542588703592054
13,1.9823280385340276,2.1071328418692388
14,-1.6046915793062873,-0.2866675746700572
15,-0.11584048120265514,0.9314431982995248
16,-2.1170158590013166,0.552695297836896
17,1.0751185494832844,-0.5768338275838798
18,3.098529577815127,2.7821518391071893
19,0.4399337232825477,-1.1053405957551812
20,-1.6390524999989227,-1.618230788605231
21,-1.3106067421772372,0.36712544067912173
22,-1.1273667605924524,-1.5006373538692805
23,0.5410896202269451,-2.330131595792226
24,0.391700919452595,-0.5047049268165098
25,1.409196776879769,-1.930672150874826
26,-0.18689618017525333,1.101527526167499
27,-2.1650870925759538,2.8402215293295288
28,0.916318048722704,-1.4458506440903243
29,1.3750322549504626,-1.8651292215773174
30,-0.7388702071398944,1.0448170228384195
31,2.066539076885481,-0.004091216382494307
32,-1.0843569916843967,0.1375558475666026
33,1.6445097261053119,-0.45709669548271853
34,1.5469600487992803,-1.3814413214199976
35,-0.27957762599926944,0.6384165483940939
36,1.399794380881724,-0.32549439711774825
37,-0.3617416813333151,-4.073728969394657
38,-0.4749719665746459,-3.70468479261967
39,-1.03271458553456,-1.4402218659919703
40,-1.1807692767990932,-0.7595884109068792
41,3.6970763263687467,-0.7994975602720589
42,-0.334096895611591,3.482800338826681
43,-1.2077673724898297,-0.2888834310835533
44,-3.8888334377938816,-2.1055838383271976
45,-0.11388587142959933,0.28439142936631895
46,-4.151129554512479,-0.5311430042939109
47,-0.4258895166620119,-1.7252193141031071
48,1.1479090585117306,0.9351545977711799
49,0.9501815150911048,-1.5019402164800058
50,-1.6677671309476891,5.11765688780793
51,1.4324461562808766,-2.295783449594769
52,0.11819775432751481,1.8674530131654483
53,-0.9071354304658982,-0.9006584516097694
54,-3.8039904355524365,-0.7114408354911156
55,-2.100871550205752,0.5568737478663413
56,0.5186399918128946,-1.2864297450799829
57,-1.0325797760756983,-0.6387967321221276
58,1.909067370158942,-0.5718937897023186
59,-1.749461212024954,0.2694783899740631
60,0.6276445077833869,2.93406593227708
61,-1.1653400246388221,-1.6656111622429375
62,0.5617807888476304,1.0660670135552388
63,-0.11432236666856334,-1.233693456195279
64,-0.6868111576989004,-2.384902959298506
65,-1.6695892489868145,1.1296918061240386
66,0.5400946239723167,-2.040034144241115
67,1.1920187677404364,2.289070426445718
68,-3.7937809914209972,-3.2049109593485525
69,1.5172640057550304,-0.228802618261593
70,-0.6901760860717785,1.4724568190642677
71,-0.7079726989976357,0.4771807901509965
72,-0.23748885492946534,2.3056165976109613
73,0.8196489196717461,-3.3411206438730234
74,1.0088593701967463,-2.248029092565434
75,4.308381870733621,0.8447012021899253
76,1.820410817943231,0.21749095224763038
77,-1.8325105476448065,-2.0236495117323603
78,0.5072826337996915,-1.6516921250001593
79,0.5182205901346352,-1.8869997327933532
80,-0.27842073003038725,2.969100090408136
81,-0.5270219673926113,-3.120072002485242
82,-0.11064397435073413,-0.1814096428018145
83,6.330624664825704,-3.6880374129914895
84,0.8162219203750045,0.5583627176115139
85,0.3771296331837163,0.9119001392376964
86,0.6384667254448078,-0.20406553667250832
87,0.8575923896158942,-3.3355457934545005
88,-1.1933624987682128,-2.86220826876814
89,0.9779882183975632,-0.6703724956291882
90,-0.9656267287276382,3.4519365523238736
91,1.1169755214986563,-0.4109067759378092
92,-0.763832568860327,-1.1012518996565872
93,1.1877615152922836,3.415516972463688
94,1.3069784577661037,-1.804633038187932
95,-1.3548658065725696,2.2851410226828643
96,-2.253851152115132,-0.08882385715607938
97,-1.570803998845526,3.5333546714313457
98,-0.9834829989182327,2.39745156662486
99,-0.35178038184162547,-1.1605892262665614
100,0.029110543483157912,-2.2072835490159077
101,-1.5155091502939733,0.5476503370058664
102,2.1609730612492872,-0.14499043989337546
103,-1.4345522327195708,-1.2265874664491176
104,2.6063460794808306,-2.0895894127007804
105,0.3732914044734156,1.448066495667907
106,0.9216955170596877,-1.032600696090663
107,1.5770113566843136,0.6527051626878552
108,-0.11746494776372711,0.9836482436256893
109,-0.8224956304280775,2.0473675809391185
110,0.5143224231707454,-0.5978135054433729
111,-0.888495795065314,-1.8055433184931733
112,-8.740639700708636,-7.665184880644848
113,-0.5995439854559779,-1.064183089099333
114,1.2294108041391316,2.319914813777542
115,-4.517610014657125,0.696826726626424
116,3.586176834885048,5.09910100478841
117,2.315185053513699,0.6163111578120292
118,-0.6158384774155355,-2.1951245542190985
119,-0.8984287514574782,-3.3747254398992927
120,0.9143730620834356,-1.3174707025722958
121,0.7791966691526536,-1.3967898406753154
122,0.4886336700078427,-0.7441714287944192
123,-0.9338073723891881,0.4712185919857394
124,-1.5291360181464322,-1.0861491206372749
125,1.7553696935498622,-0.44148048687608527
126,-3.7110155657807966,-1.5867878645606015
127,-4.388936199241587,-0.5245807705645382
128,3.67466628652049,0.6708999553896466
129,-1.0660990105379398,-1.0202240983136588
130,1.113178936277098,-0.7647314136317527
131,-0.2215849900362083,2.663887330354775
132,0.20097256473922825,-1.3293602156459607
133,2.4499634858388935,1.5023245552008808
134,-3.38814852202043,3.4097987948600075
135,0.46514602776992575,1.0975689447093562
136,-0.9158795523030071,4.117338481634856
137,-1.8682232857443068,-4.0663612591591916
138,0.8410215057795072,0.09845461033236698
139,1.1238255760559426,3.2697710756006466
140,-0.5296575266830136,1.5348971185801505
141,-1.1493012119685266,5.079853774740202
142,-0.9698192052620235,2.7677413177050205
143,-0.7986634162998801,-0.8720118952646272
144,-3.4812416118388096,2.717621908061422
145,2.0438037567549032,1.3380573899264452
146,3.7532150438432823,-1.8304271988911656
147,1.2675724576119178,0.40631111494475547
148,3.790697159745096,-0.7843667165479882
149,1.0295445570743478,-0.641982212285396
150,1.42790689874185,-2.7705190925812264
151,3.6482812046777062,-0.12264332386654998
152,-0.20210470992833823,-0.8492708327318886
153,1.176582160924749,-1.4718646916917084
154,-1.1086188326435171,-1.1930944390146134
155,3.3507535723396593,-0.08908579031365786
156,-0.7595484761287021,-0.06383814350345177
157,0.5871103176622934,3.0331945011711845
158,-0.8081197770953765,-0.8704576145941916
159,0.7015290966733779,-2.7215085738502673
160,-1.1527020006080388,-1.4274040033308608
161,0.5112466376022811,-0.3720266255077103
162,3.8317323880039003,-2.613141323833243
163,-1.1035113673785126,1.6557223972681923
164,-1.6545497799499114,3.72909317504211
165,-0.1897248032494069,2.5274089204669665
166,1.9303753552717564,4.819048476233399
167,2.115190011409418,-1.1123084650859731
168,0.20238080413117987,-3.2641693944880625
169,0.47888893614092115,0.31575947492060086
170,0.8434329021714037,-9.884077116708443
171,2.3301569942458253,0.9299660888965979
172,0.8569406965026444,1.1048541558914815
173,-0.790124774830672,-3.0262605943614553
174,-0.8932397106414457,3.861331814089166
175,-1.223627232242726,-0.8667317425592016
176,0.7060084536999554,-1.94715591972222
177,0.21585914200199752,0.06835785676819452
178,1.0309977203824823,0.35086045379002717
179,1.8141725970292468,0.6224901295581563
180,-1.3514883155905129,2.766054615236957
181,-0.4142423604484346,-2.660970457706869
182,-1.3189165513848098,2.121545199980542
183,0.614538872858741,0.5770824214157178
184,-0.06442498018617882,-0.892043766328009
185,-0.35511536617192924,-0.23068119624394404
186,-4.104382434138149,-0.9073964363643053
187,0.36242371197658735,2.0770487238582036
188,1.0118848642371157,-0.6389914052763433
189,-0.9837564377403092,2.4562258257536915
190,-1.462052237211145,2.0984575957231617
191,0.6560196343593195,4.10743307527267
192,-0.11574105077061335,-0.3439915861554621
193,0.28856226473572016,-0.8742828890442166
194,5.060420419902199,0.9244296968506186
195,-0.7126242220376883,-0.6207690184586463
196,-0.7886039165803232,-1.756117321031088
197,-0.5625679246198888,-0.39896537738010507
198,-0.4574020389985238,-0.32107900193395117
199,-0.9319370218202936,-2.892448414551961
200,-1.165178513174994,-1.0088781060095806
201,-1.2474308617870211,-0.9986604168372409
202,-0.31023864729264256,-2.1061681981101303
203,0.5994353547576324,-2.4524806891358084
204,-1.2284677729258662,-0.717248053285359
205,1.1110310444524722,1.7640752121452876
206,-1.0735920101012146,1.8529002772888123
207,1.2052451127446304,3.1084336486596023
208,0.7178238279664053,-0.780492701531195
209,-0.6366925399797251,2.700929795212551
210,-0.4870105008971018,0.917879925349508
211,2.48723917613788,-4.078332109564493
212,-1.3945349768772142,1.9981831961718777
213,-1.5420312898236208,2.196757072687308
214,-0.7857656330215017,-1.0370866019564435
215,-1.9311713335511709,3.1729855751737692
216,0.467065662450168,-0.06302002350386848
217,-1.1359375007560657,6.207368695871385
218,1.335682589307564,-2.002840463139146
219,-0.5677191885125648,-2.7146028297834897
220,1.356958197769886,0.28960683355672956
221,-0.5349135131456311,-2.9605351946887346
222,-0.9345228704723421,-1.1682549016073294
223,-0.29697851286465327,-1.6962845957026738
224,1.2919273258863366,0.6226574331572678
225,-3.033334554126915,3.803708606641902
226,-0.31841371606440644,-0.44458822576128987
227,0.7310462506701627,-1.8985000718329803
228,4.29334960167259,0.4945369147431399
229,2.363667826055001,2.5872032863808645
230,1.377503127259234,-1.3651020049612501
231,0.34493218260359665,4.2124772360938385
232,0.5426482326958628,3.374725873422148
233,3.7502009092977584,1.422168253278881
234,-0.5899927406481742,1.8189018352202984
235,-1.3587982889141257,2.096520277737369
236,0.38398658790158247,-0.6327483692231083
237,-0.958748360435356,3.5797221919395414
238,-3.493070907219517,-2.1762274327576927
239,-1.1277659600976127,-1.6736585632928414
240,1.5417678339661975,-0.6798959594844787
241,0.256008380842803,-0.6879585534291127
242,1.0878370380211604,3.986536717554761
243,0.7805679826471903,-0.09411534626919668
244,3.2155863120421913,1.6143137057453456
245,-1.3943647327180126,-0.9090875548988819
246,-1.0110065276958515,-1.4183407354830304
247,0.7360322326225458,3.3306806806957727
248,0.8576460011480154,4.566209255825645
249,0.4110726872330086,-0.6711077432950993
250,0.46724270718588107,-1.382203982149429
251,-2.2543617920933943,-0.8073155727775129
252,-2.896609259345823,1.9749219526082784
253,3.7711521517406794,0.4124642545134318
254,0.4159132847734209,-0.6695016279889232
255,-1.1912885930573889,1.553922688347729
256,-2.328694302347188,-2.761881146652688
257,1.1803639627537506,0.003214354358951172
258,-3.8546772968019254,-0.9541121759784961
259,0.44020223520845403,2.6777032036396076
260,4.148944815927547,1.618959294114833
261,-0.23934987738646732,2.4850126504880574
262,-1.5560944614875354,-3.1728420613400705
263,-2.3218737960381093,0.8983071209480618
264,-0.9542499071360483,1.1274548022042978
265,3.6580487505647765,-1.0958894041508063
266,0.43950102210096675,-0.27528147305891
267,1.0956738663732197,0.3260347917022546
268,-0.2438607206945177,2.0969836703638642
269,-1.18307714106291,1.6464369369533083
270,0.47101086579793183,-0.37213687025613806
271,0.618942290858718,-0.9313256190484536
272,0.4720127604260709,-2.9926532058794035
273,-0.0987267578725051,-1.447168261243463
274,1.3401355635152294,2.790924908462871
275,-1.5380831546779812,-0.9600563320685047
276,0.6080635870535753,4.010484463838272
277,-0.8998306457617158,-1.7357883717570508
278,1.6556758451149487,0.4556916879261202
279,0.3781920892068761,-0.38965803150598655
280,-1.0225338984992762,-1.8965602784368791
281,-0.3691154819706976,-1.2917462955721504
282,-2.7580006465996845,0.888421359357206
283,2.047822914619669,0.20347145729405228
284,0.7007311146938083,-2.5475004219788944
285,-1.1506914883150376,4.5384081259657645
286,-0.7799651311329279,-1.7643746489761012
287,1.8646887731851456,-1.6138541606310977
288,1.679719874745941,0.2123029883850307
289,0.9125073920195305,3.2945599021999294
290,1.6801327074861616,0.8403491587746978
291,0.4948690738832998,0.14521729979739784
292,-1.2457667488400126,-1.2425006695579983
293,1.657462239894719,-0.7835383536537329
294,-1.6786419852381669,0.23307643923881682
295,-2.012459052986856,3.409916840030446
296,-0.3016031874532041,3.900494114909441
297,1.521941657867677,-3.508025410265328
298,2.913109933653299,-1.2017457361905115
299,-1.4193137205915294,-2.043104312207792
300,-0.7284704574163436,-2.064831783163189
301,-1.273845115877284,-2.558247151058857
302,0.4764567157439446,-0.9070575294766996
303,-1.3255983474852362,-0.9361963998546116
304,-1.1741599222431442,-4.349105940419446
305,-0.1268579895731784,0.8743602282423512
306,-0.8930684776960425,0.1927377025771538
307,-0.7766896351594184,-0.9973073185233331
308,-2.8798109666390603,-3.8019199093517497
309,1.5968002699347918,0.44252703305265995
310,-1.5530148876256744,-1.323316166121841
311,-0.11288481795542565,-1.8599977553958498
312,-0.987216542250194,-1.491840427495549
313,0.44227057006207404,-0.9621253061328201
314,-0.2672664188232788,-1.2298789178954628
315,-1.0399927290172108,3.448350382224686
316,0.2771523757297239,2.293887770208328
317,-1.6022879564830612,-1.5024899613415694
318,-1.2131700737144044,-0.43829086260394645
319,-3.666177799654151,3.9170320055790717
320,-0.7539247035347026,-0.44915667124202574
321,0.04384028773959399,-1.4602191061803138
322,-2.113796406346805,4.2900030254565
323,0.2846054072950992,2.926566176176502
324,0.9571621796328417,-1.0468538856454643
325,1.8664525853596063,-1.059800787408486
326,-0.3572946394866304,-3.107686309908187
327,-0.2341002407997939,-1.8876719963534916
328,1.5402537572540875,0.5536731702111622
329,-1.3588458793450742,1.6055808526033133
330,0.5474378237986474,-2.121796874592196
331,-1.037748089575093,-0.14047490591766243
332,-1.0485373244499185,-0.5195414045384441
333,-0.7618954643041681,-0.17036645743085654
334,-0.6772431078031836,4.1878508027925445
335,-0.22198943982307118,-1.914878255086355
336,0.5460160501779501,4.597386614620641
337,-0.08907141710441209,-0.8928717636054824
338,0.866196831413464,-0.804455747702363
339,1.6510247586444942,-0.06944575605525036
340,-0.7396619285058579,2.128626287392745
341,-1.198067935718731,-0.4598976053977359
342,1.8620936211388515,-0.6144498616661344
343,0.7496343428101525,-1.8959761985388366
344,-1.8932537276831642,1.2053739856025394
345,1.5676525009479345,-0.607550216596666
346,-1.3829974021328226,-0.39554677377310826
347,-1.3698142641966908,3.197648993517727
348,0.4966158414122473,-1.164247758125552
349,0.19603175510210824,-1.5056681023763545
350,0.8050439926188226,1.1962505362898386
351,1.7764351961323404,0.33751199738469334
352,-1.116343839437905,0.8197974890538483
353,-0.4093708780575962,2.750231792715538
354,1.6001750242370543,-0.42036499522519033
355,1.0068941092669337,-2.1494172591544447
356,-3.1266817247334524,1.3804858830877298
357,-0.7034467955356656,-1.346778602877409
358,0.3894352960055215,2.852147464296101
359,1.3392523003517578,2.0755623778861128
360,-0.7602831271244223,-1.4198719127782855
361,-0.6100892536798105,0.016796261053327335
362,-0.37676795883220865,-1.1340839951823356
363,-0.028817469291497567,-0.975918911551485
364,-1.3184363521988363,4.184648446635686
365,-1.101177080929038,-4.121630240183193
366,-3.624872441062431,-2.0838682692910813
367,0.9479035020381629,1.9703754648702487
368,-0.19230302250497322,1.2005452743900231
369,0.3939159065286608,4.903424303028474
370,-0.9767418524974377,-1.581141235504285
371,1.1394166872642142,-1.2963546860556117
372,0.5314600642008194,-1.3997010199892956
373,0.7603076818411952,-0.397110915927872
374,-0.8573403854793394,3.364058068042598
375,-0.03927158347396933,-1.1353353316340267
376,-0.3039213840351243,-0.7184951988530854
377,-0.24210663002592245,-2.6316522425892246
378,0.6077292700752355,-1.5196297817132736
379,1.0772511559129985,3.458352101616506
380,-0.49582021530858983,-1.5820269454819562
381,1.588275209072752,2.3807342157664313
382,2.2065276479167664,-1.3210322801804757
383,0.818286330993636,3.4314472258607362
384,0.5275988054547008,1.7653698072269854
385,-0.336213265626031,3.611731094992791
386,-1.0507120196579167,2.0326913942361577
387,1.251604095747356,0.8410624459449941
388,-0.5779618954201401,1.813241488654149
389,-1.461861973078321,2.6674900958713823
390,-0.7679462663110702,-1.1904408406961613
391,-0.10249953733257615,0.15684817271055623
392,-0.8455776961865762,-2.7644652124585885
393,-0.9931257505699137,-1.8624920505945872
394,2.3400820539874307,-1.7184523299746524
395,0.5174894374963569,-1.2253438258646032
396,-0.2061189312274974,-2.9317234129857432
397,1.0828350160062261,4.157743485624945
398,0.9289919866413012,-0.36323438916661976
399,-1.849864425442471,0.569633163116027
400,-1.0493083138268333,-0.6596843445370507
401,0.6858896908645641,2.246632940057529
402,1.6759939843308715,-0.12223342342754745
403,2.634791674563487,-0.020352129041233333
404,0.21357651384587878,2.640615280794143
405,1.4791943347329912,2.9882943113181355
406,-0.6073051066334533,3.4179934606855182
407,-1.055117660244157,-0.1762542839182747
408,1.353909708941158,-9.682706569845521
409,-0.13980938793783243,0.8473545045916746
410,1.0289795896648712,2.8397244467113207
411,-1.2925106212352615,1.1426800375951691
412,-1.4427900350136433,-0.07611689113247384
413,-1.7479787205991266,2.1537450173589243
414,1.5309980998483381,-0.05683654442202185
415,1.0349886676039264,-1.726517644474672
416,-0.09291956576227824,-0.7971160644199519
417,-0.7922775675307844,0.9789559603061005
418,0.47328242620495004,-1.3085638015204182
419,-0.6095234434373864,1.4387325243414093
420,1.4360754987995294,-1.405187631422677
421,0.6737385805766164,3.446148107155795
422,-1.2844563975074172,-0.13904478270947457
423,-1.0601700870898565,-0.5136492665325367
424,-2.3887369282158124,0.3656333704538589
425,1.3531999599604945,2.102270911038882
426,-1.1080975770953096,1.3099535536564
427,-1.2056937325974442,2.40627597979976
428,-3.3246398824718555,2.8955837092998196
429,-1.3547972900870333,1.0609125670834896
430,-1.0559899372168418,-1.02533816477658
431,0.6308211880911974,2.7981784911954204
432,-3.6316516888579646,2.9034538128808145
433,-0.7371932812472292,-1.2771518772262629
434,-0.9870632154932594,-1.7730598469441818
435,-0.8631383170501213,0.7675662131300628
436,0.19615400895700139,2.7399291555848504
437,-0.1944790103270363,1.8347853124914582
438,-0.1745286951808047,-5.929874539497755
439,1.1464376150884323,0.7591710465292952
440,0.15518292389771285,-0.6887864813416539
441,-2.5006095654044587,-0.5815109151401567
442,-2.5343110248628062,4.169355265757838
443,1.1237757914664006,-2.2038862601523133
444,2.1987428352106964,1.141856747314044
445,-1.1082597626076345,-1.1696342302015417
446,-1.5812751802733782,0.3405833839758801
447,-0.9968064468931643,-0.13298784703745425
448,2.5674226408496725,4.189835785182942
449,-0.4709570468870414,-2.0640427705952225
450,0.6713161162210952,-1.5714707504611825
451,1.5417798742548543,1.1654789030503516
452,0.4687627692994903,-1.224782862676824
453,-0.9672832552363961,-2.7236729937070554
454,2.459018896934816,-5.346851287094874
455,-4.46181034966788,0.7904255077581714
456,0.9342339664617558,-1.0967267431718413
457,0.634114682029415,0.1317059486507456
458,1.5978834987313355,-0.8695755265884637
459,1.3645861249192461,-0.11976691082353255
460,1.4169777282217169,-2.6402428111866842
461,-1.1307993090609378,-1.8183329609011931
462,0.40439876556143356,-0.31946956669008325
463,1.0703786091529461,-1.7570354349759192
464,-0.8072442459829746,-0.5000694137693603
465,0.05356032309609343,3.0576468515273767
466,-2.5179989913627994,0.06619098117562575
467,1.7119316428535027,0.5042675587900626
468,0.6560465082620263,-3.0595786252373465
469,1.6344760201508999,-1.1109274729189387
470,-1.218246340520563,-1.8991432743066592
471,0.34188120473475386,-1.8159351632921121
472,-0.6472417435532637,-0.9951566769331651
473,0.606523981161866,-2.519348970202442
474,-0.5343258662225209,1.1319513234088634
475,0.5656999324576705,3.4596574141126384
476,3.526850799190653,-2.3847328305227933
477,-3.8930890822497664,-1.7341822845865207
478,3.9105440819026938,-0.6595487620829633
479,1.538940123631421,5.016195696089072
480,-0.34301465249615093,-1.8656744596650263
481,-1.472852626307964,3.870038435152571
482,-1.1926992126856595,2.9534624040124227
483,1.6201509503364728,-0.6139989021984252
484,1.6794190144308019,-1.5975441293693304
485,-4.028898736611716,1.9226053998719392
486,3.835028330404791,1.1258830512918883
487,-4.14318303795193,0.39178777461773273
488,-0.8942667230732705,-2.3979334721101897
489,-1.0050171517195257,-1.002508232074042
490,0.37944253699199504,1.786370595750017
491,-0.9077884632925176,-0.3756987546481665
492,1.155254888551487,1.5218400321547667
493,-1.5514749279229658,0.3730757616574195
494,0.45120030266963984,-0.813663039047216
495,0.8124256228309921,-1.3039044280917498
496,-3.749794179065314,3.721012257962895
497,1.9919953631621743,0.8156340491816381
498,0.42833050993667293,-0.8936246807298743
499,-0.1367895325371719,0.6261327777759367
500,-0.16730717548936094,-3.6906899015205226
501,-0.8609983255120655,0.03791921990379824
502,-1.080579933341665,1.155346784891566
503,1.4567248943014506,1.9512992331920664
504,0.722557901382241,0.8255754325424294
505,1.5627477552834832,-1.0862302942866102
506,-1.0231714670788405,6.218337905310397
507,-0.6327938858681188,3.4626601298178254
508,0.9667415319069692,0.5341762505470103
509,0.45791018555559376,2.495794479140628
510,0.2871779535524939,-1.184067017822247
511,0.5859464308634087,0.3233891311453212
512,0.487812317789908,-1.4264433006032817
513,0.9457529877311595,-3.66875774775604
514,1.9103101254874766,2.369459752809328
515,0.3420860353413249,-1.748776098074806
516,0.5310206487911163,-1.0786057131213744
517,-0.3105495700400745,1.6853499595434338
518,0.5851119045124977,-2.5829551963751656
519,1.4944258653370424,-2.1147318352776003
520,-0.8073248102090482,4.508046540065815
521,1.3701874395880898,1.3515076194949285
522,-1.2599372190734566,3.314291922889173
523,1.1193529890352603,-0.646062931158488
524,0.4171630543219409,0.123571354266036
525,0.49628009926128897,-1.403337055407944
526,0.017100208645983266,1.757108753732891
527,0.4070390181448602,0.6638109792371785
528,-0.9927846061601228,2.987765961083949
529,-0.043432622690616,-4.112018527621533
530,1.156326770545052,3.813894663602845
531,-2.9986373744837937,-3.7215129018579547
532,-0.9769501344029442,3.947482048309712
533,0.41830630038491723,-0.5596560338803339
534,0.9412165618887448,-0.6296370827728213
535,-2.776656654918159,0.1905016568006664
536,0.7478013271487677,0.23084460135772877
537,-1.3478970397679815,-2.187478591674038
538,1.6558954956952614,-1.094793973215753
539,-0.7515264986354273,-0.7562740535984398
540,-0.5697288898982994,-0.11809624480257735
541,0.26478899427853336,1.559689240074021
542,-3.742587371833701,-0.13153662914720984
543,-0.8139109111714421,0.7577928964876127
544,-1.1187701965951466,0.7977884636958817
545,0.10879002762536671,-2.646371843976012
546,-0.13390532980751516,-1.1479871164941733
547,-1.0351516472499658,-1.1419701212254414
548,1.3965636214878243,-2.93712861037038
549,-1.3043322102456314,-1.464368953858731
550,-0.2109837818556882,1.8286433827923494
551,0.3276088747039342,0.837557306884884
552,-0.9754253203492534,-0.37753805434543136
553,0.24066465432934264,-3.7378347610144136
554,-1.0909872166943804,3.3899148913215
555,-1.3740173373086477,-0.6502011379695556
556,-1.4254455208120114,1.0180146243514894
557,0.5808255947549411,-0.5592045231105601
558,-0.6422354977891849,2.5130727090200757
559,0.597892547305125,2.8222696798592986
560,0.9882030650122965,4.207574332719429
561,-3.937981013227188,2.2162187029496
562,0.9432239041313867,3.029506702932665
563,2.887508508069974,-0.06911695890211542
564,-1.3592481269504453,0.09424000074401868
565,-3.644332742702305,-1.727441426778538
566,1.4237730785117815,-2.9034780953299446
567,1.738477751881535,-2.039541107985154
568,-3.677467202168004,0.8717884040745237
569,-1.5116325136525457,0.8603546249889498
570,1.291689886943713,2.2052010405794644
571,-0.03133374450903221,-1.2216792723641468
572,2.5014369073099716,0.6595780424862762
573,1.5136666948107809,0.24431513352961512
574,-2.2568902726435365,-2.5182422795966475
575,-3.9240356139957,-1.3123092992806578
576,-0.9082514563330432,-1.2580838405645889
577,-1.148522158462247,-0.750439449818825
578,-2.0067138268593547,1.7821846792924563
579,-1.099332271773527,1.7933739482566273
580,-3.4260172335749366,-3.31394946273092
581,-0.43299983455237073,-0.6746649492748277
582,0.4559478395100902,0.21847841004743676
583,-0.657627929510919,2.1666559778212133
584,0.9296030676502892,-0.5363241774859895
585,0.6135930555329587,-0.4461423133201958
586,3.615017236261175,2.2681672108877504
587,-1.1254787649268887,-3.243567131904888
588,1.6149546595867448,-1.55457501908014
589,1.0062644085552659,4.286751073677697
590,-1.3032818348984363,-0.26125626648958206
591,-0.6401165030025043,-0.8364366950375303
592,0.2708813324254742,-1.097372805333379
593,0.643694685275182,-2.8277924479549714
594,-0.10563489306284556,3.2884281135700646
595,-0.4661251793389663,0.7553132835204293
596,1.1220296797445286,1.928499032614127
597,-0.6265203480439636,-0.6071237382206571
598,0.6254625291830578,-1.266409907739097
599,1.3601295034447525,-4.6085473370422445
600,0.49510214452695916,1.5085835618808285
601,3.735698413510611,-1.2600932347450529
602,1.3154725072365117,-0.9645736721106714
603,0.7231421848685385,-3.7947329853605365
604,-0.8854810048687614,2.039858978009158
605,-2.762087496446975,2.6431356665045977
606,-0.38555591252156507,2.660331878952775
607,0.04395414351098307,-2.0305870266506054
608,1.5291395065560573,-0.5739573004576891
609,0.014547543227463978,-1.2874880730625027
610,4.030076281865445,-1.314534496442151
611,-0.01591878682731787,-1.8683005281576457
612,0.5378483922439797,3.16049120794616
613,1.6737827919171178,-4.223124749821222
614,0.49684973346017924,3.7185605764016536
615,0.4288454342939943,-0.548336708083134
616,2.2473133781965213,-2.6229243880672253
617,1.4481486981797083,2.040385285707941
618,-0.2543916955776795,0.004344280377659638
619,3.8082456335355492,-1.208457491321797
620,0.532064882074958,-0.4126297926768101
621,0.3525451132692678,-1.2492290329697915
622,-1.0012634018136726,-0.2785296599928234
623,-0.07625890014064667,-0.747242157027335
624,-0.4957114704381502,-0.6910604105960216
625,1.1016353433847355,-1.7214434992240302
626,-1.3821108640329807,2.3530356925027607
627,1.9743213874358227,-1.5802065068371345
628,-1.0673086329112873,-1.71535730862819
629,4.5365332781065995,1.0045068577677274
630,-0.9328626471964773,3.120672622662184
631,-3.774606309336958,-0.09955577852514565
632,1.330562853149662,0.08350913077672013
633,6.14589741085509,1.4535451821515868
634,0.5259328044481991,-1.3016703932130624
635,0.6593497523296898,-1.6799464520511334
636,-1.3142892155340038,-1.9415070295847454
637,-1.1239270089398943,-0.6730650270388353
638,-2.8474175248120552,-2.4026682102527017
639,1.892963358332725,-0.4535178620494133
640,1.7353953474285004,-1.2228497122068456
641,1.45759685156546,-3.945223444976751
642,0.6270872673634258,2.5481602509986305
643,0.37322885883603535,-0.06472944807033858
644,-0.48127927438069906,-1.1974033962869661
645,-0.10895497836046782,-0.2763712694427073
646,5.981789303679127,-12.582874290089437
647,0.41550762421536663,2.0418334727677587
648,-1.3094992660488993,2.043416731155456
649,-1.8160599038013865,-3.1449512067600565
650,0.679317892554426,-1.4951267569481455
651,2.510171944868042,3.2688794712424123
652,0.5047624245533909,-1.3462612079567595
653,-1.2586431031366525,-1.327509183164961
654,1.0738871991694012,2.774232948157496
655,-1.2023917153066324,-0.5402097372325362
656,-0.8803261082508719,-1.9247561952985557
657,-0.3571871855077996,-6.133308030572329
658,-1.3554447623636223,1.5287613196301102
659,3.7616433438739083,-6.359072762661438
660,-1.6936635329019412,2.701504884312217
661,-0.3288585275960146,-2.139747263202514
662,0.4985688217530448,-1.8067566866555171
663,0.1762906005064429,2.7769507195720586
664,-1.5957403658999445,4.047353202228412
665,0.6209959685678252,-3.0912019605703303
666,0.4155713206091604,-0.35818514613545277
667,-1.2344355486478413,-2.344940318306079
668,0.9652839319237357,-0.5347590310931946
669,0.27323339477263064,3.511509545354686
670,2.11878905029937,-0.042925133143882514
671,-0.5952685224063952,-2.2041565159115986
672,0.14837352773221624,-2.468667248786216
673,-0.4640156193345741,1.7223979612212912
674,-3.879100212643717,0.43231771007317726
675,-0.5388229783413252,-5.041150345314757
676,0.3935345992212374,-0.42508087891624596
677,-0.3043500773608749,-2.5472095021016092
678,-0.9682264206963629,1.454953509862317
679,1.9875262317307822,2.8386731367037052
680,-3.4023864924996197,-2.6731950910358315
681,-0.8683887269676899,0.3949153096253104
682,-0.4245420635271381,-0.5791112438165638
683,-0.5678572817920325,3.0293169527445505
684,-0.9018752224846747,2.300692732538355
685,1.2483655606608781,4.390080213696849
686,0.8795340192940039,0.7524902939462156
687,-0.8633650436488309,-2.378147492139076
688,1.0920585849967728,-4.1950501043099315
689,-0.9539146383220605,2.545646791933449
690,-0.9492970973062416,-0.7488042067717926
691,-0.8470233261889674,-3.1807410797553026
692,1.5526082334840483,-0.9040300003302694
693,-2.286824254558822,-0.1589282542448781
694,-0.6172092619208759,4.311927752985302
695,3.658642860900527,-1.8927602224274656
696,-0.1434948335722399,0.016287980347247898
697,-0.6283640666700185,-1.16936026840013
698,-1.8177785598107536,-0.8631070974241365
699,-1.387187929940917,0.8202348288569937
700,-1.0888990958032987,-2.5267252643300284
701,2.3233103866355314,0.4663369220967606
702,-0.7367201782816017,-1.5559987047686143
703,-1.3339947434735329,2.3784914767513134
704,0.42951308724321097,-2.6008639718285194
705,1.354904870520574,2.9331961643987468
706,0.6351412362651812,-0.9625335299771804
707,1.2597537393325944,-1.479457453527058
708,0.02777884666601707,3.1827273236797162
709,-0.6303249349679798,-1.0583408964577377
710,-0.24584672645392547,2.3242130984701728
711,-1.2424864414558865,2.2774145063629803
712,0.9048382029105208,1.7625847245912007
713,-0.3937343813824197,-0.2916196084628443
714,-1.079957228509056,-2.1981469878092907
715,-1.2261814842950511,0.2954727742601942
716,-1.958288971860431,2.478423863441228
717,-1.7533198637897232,-3.6047177298136672
718,1.662026505764368,-0.05476074550878846
719,-0.10496013911772581,-0.3799131590128572
720,3.7239236919908643,-0.042047216263436736
721,0.22796068847372702,2.1693873094824156
722,-0.06510767099333421,-5.060501633561661
723,0.3999439982188975,-0.4777984126346178
724,4.065040231199821,0.11439444467786036
725,1.6526978286216742,-1.9288755566750309
726,0.2533593132461837,-0.6516495185106839
727,0.8529627460020992,-0.15648334521441987
728,-1.0629759851993175,-4.591943811763732
729,4.584333067710871,2.1327659024969448
730,-0.39883799303808365,-1.3218388702466102
731,-0.2402049519790795,-0.06976030648062755
732,1.0242266168253849,-3.4807002897585138
733,-2.387900482761846,-0.08153632064499101
734,-0.7058336623423248,1.318201324026409
735,-0.8768963606720185,-0.9097397841118059
736,-1.685788932822115,0.5900826183041111
737,0.5583205104918298,0.252284388000681
738,-0.9041093243714036,-4.599020808546656
739,-0.8580788363008837,-1.6706754065195135
740,-1.2576027382871617,1.462986753994763
741,1.5503086780896373,-0.11282907784358744
742,-0.5610000991691121,1.5826134524394213
743,1.4552150760441527,0.839977098968037
744,-2.340847013438369,0.5159757361454979
745,-0.02356147063123953,-2.09431226147907
746,0.3683746969786582,-1.8911578946380014
747,-1.394078726289167,0.6409208141736864
748,-1.4618842477038527,-1.3231862379540675
749,0.3548698449244654,3.2729519575929458
750,-0.14598470895990828,1.2673327714212654
751,-0.8880177990678408,-2.1254190644376187
752,-3.698476928772137,0.3919297312477657
753,-0.9628782183932281,0.6321720121348917
754,1.6241607664975974,2.010035189233518
755,-3.9386602187495354,-0.6320770312724984
756,-0.20217485690771272,1.0393764569030537
757,0.042155643055911685,2.616270579350872
758,-1.5189287438458028,-0.10963430109791922
759,0.5792773153194896,1.3461792954042069
760,0.15833928205052133,-2.8650295162032227
761,0.9222270083110076,-1.054113291613694
762,0.9182464648602893,1.3204648327435105
763,-0.40137701242571727,-2.71700738940505
764,0.44346858803448874,-3.614358842327985
765,0.2361038268376857,2.800365464711015
766,-2.534657022594156,0.49526350085112547
767,-0.672443707148,-0.2890754269021862
768,0.5785185319455108,2.9906540269413955
769,-3.6669229641380245,2.972747345066815
770,1.526209543607866,4.1042316229147255
771,0.46566743583949577,0.08991340932483079
772,-4.691961209735896,1.7917265511527265
773,-0.15361719775869062,1.2921732687070548
774,3.945632677143935,-0.26821089834250045
775,-0.23986951298721038,-0.44178510697972617
776,0.4064061442957362,-0.6500401880632908
777,0.8537037222189738,1.8045336374378538
778,-0.5162576673825069,-0.8658638258391912
779,0.7366289030625596,1.3726163484676466
780,-0.3327051488971442,-4.302107665563719
781,-0.9006194494381428,2.273199632106087
782,-1.1209439508688683,0.8810681134605112
783,-1.2933935934807286,3.0886617291291625
784,1.619101975201456,1.1899521079137707
785,-1.7804325462089565,-0.1572799300740976
786,-2.171792185434943,0.08005779263532857
787,1.0833186824636478,1.2718795904594773
788,-1.9233185785199873,0.9083801046257914
789,-0.6959129215642439,-2.4505674100519563
790,-1.0197794340341422,-1.4180724095565846
791,-0.7306644494652841,-1.4822424116743793
792,1.5426478440276041,-7.53495443482487
793,0.3713301096857966,3.4846426671692368
794,0.3762961051004578,-2.2067532442856668
795,-0.9542907631985945,-3.8302188935011836
796,0.8273636419489913,3.7697544870162387
797,-0.5576024703143575,-0.38026010071371696
798,-0.8000487696433337,-3.064989442123629
799,2.026988476551342,0.30678583539611876
800,0.9125227412167268,-2.337099187082096
801,3.1185907759771254,-1.873482611920056
802,-4.068232091475681,-0.36230590908967975
803,-0.944331481620019,-0.19004744950756444
804,0.8724354732059615,0.1939299439104438
805,-0.3425424181473444,-3.1835764271696987
806,0.6508367766844194,2.655560949881394
807,-0.5783350878750074,-2.5860551960475306
808,-1.1786528582997684,1.1503127955406587
809,-0.21909350314369294,3.275434146118818
810,-1.7338262327225833,-0.24442668160434886
811,1.7793085563061675,-1.2845288583724266
812,-0.933644977003223,-1.25406302114766
813,-1.6277513419629923,-0.9946386041891614
814,-0.5774614100507606,-0.811261455566428
815,0.3216375824435946,0.09828868299728519
816,-0.7208466980770336,4.901862500363624
817,0.5197945733022075,4.370918757555566
818,-1.0742836281469041,3.46667000459656
819,-1.2169639825136813,-0.9134799406002672
820,-0.8952313284318807,-2.274257633011691
821,0.8620840318334327,-4.524213883213769
822,-0.342340922583797,-1.5571159698907033
823,1.3007270349108797,-2.7310095543685966
824,-0.03969458923043714,-3.4144688996629093
825,-0.9682527131821185,-1.7839577845495282
826,2.429402231928797,0.10612923566252343
827,0.9099301876545144,-3.814306757326655
828,-1.544190036429217,-1.3305440736051748
829,1.7686239190810005,-3.183670838218729
830,0.8310946770086101,0.991734785085743
831,-0.8938798648544203,-2.175421209807426
832,-0.7920409735403923,-2.7316430464933985
833,-0.869981565631914,-0.6407453571105052
834,-0.3624311141756631,-0.507898051081251
835,-0.9793720806344814,-0.5408900755566582
836,-0.07894779964130046,-0.10328490807082961
837,-0.8584645935857103,-0.6425324369319342
838,0.4948559622619942,0.23812338096281904
839,-1.5760271006002649,3.3281265696874796
840,3.402261859536373,3.5169503427258375
841,1.8172651622047507,-3.6604151413314026
842,0.7366825622834112,-1.3923520487362862
843,-1.3848136606538326,-0.5669058124555758
844,1.4893613798360912,-0.3605200432210076
845,-0.8852789713884657,3.565294632801599
846,-1.6855308284197188,1.3178089074074695
847,-1.4946523679187325,0.16856345714346546
848,0.01016575440914545,-6.238566662107859
849,-1.1084643818682445,-1.8721612465950825
850,3.9056713286783964,1.4454642228850878
851,-0.7935950278699655,-0.6881817257643201
852,1.1640072977279496,3.1978649593438173
853,-0.5013414545893158,-3.1173370689051607
854,1.4788647949268192,0.8767157464667582
855,-1.2876866801515312,1.3203118174329045
856,1.5004360071899838,0.8275683040465264
857,-2.6265064663957656,1.0038947119977497
858,1.8191649597818609,-4.601927070164245
859,-0.024528418531987357,-0.43568161783642195
860,2.4776961745992385,-3.329677094856909
861,-1.2706380489943276,-1.1069812445445524
862,-0.08521683045589874,-1.688938627510926
863,0.5103411715463861,-1.6030224599528975
864,2.2372224115956305,2.7495254885114813
865,1.1647518105639956,-0.2841022940106605
866,0.686460922618303,-0.0003673181843674307
867,-1.8582917567228305,0.017132966320943344
868,-1.4152307620306561,1.750658592386143
869,0.9480980725317231,-1.768243572363176
870,-0.8240592564954858,-3.9487383681267443
871,-4.2585445869226275,1.4530575367869627
872,-0.32189623845683357,-0.732876495702515
873,0.8537482027100016,-0.17241763927856998
874,-3.8012097599334322,1.4203787508552366
875,1.844845618344071,-0.20152755569638123
876,1.9924458745063545,3.0906575265974343
877,-0.5842325641537852,-0.6549448066632292
878,0.41132015952888723,-0.7700162408387818
879,-0.5697782568760806,-1.0350644044814563
880,-0.6006782889247932,-0.7049014867621084
881,1.6894627965304803,-0.6788956880902073
882,-1.7631883499023566,-0.4077081836012806
883,-1.1916089388071918,-0.28516869805719813
884,0.6992769256902637,-1.9892233960275887
885,0.5190576816930971,1.9468494039921898
886,0.8101078837677433,1.925562372074932
887,-0.43030004918968134,-0.8448716778790463
888,-1.6753397774850847,2.9653730913509992
889,-0.5240285498282894,-0.29867476176248825
890,9.460439793431567,2.830330141526127
891,-0.3607394702385129,-1.129387229562646
892,-0.13310883547773583,-2.6805289290045704
893,1.513412062809202,1.8899306188487963
894,0.5214988776289092,-1.6264736925017675
895,-1.4602478414905324,5.839365646158798
896,1.197576023751616,3.874530635306918
897,0.2468614286671941,-0.17480011345195595
898,1.763459983965002,0.5029400126537267
899,-0.20572356436178568,-0.8174125131403709
900,1.695977762863895,-0.4325158433848649
901,-0.1982862709602324,2.04509668344937
902,1.9561561947855026,-0.767477689694976
903,-0.8714806010013963,1.7276743346816623
904,-0.40951322119659694,-0.7561367240789655
905,-1.033095105699378,-1.4711619110580512
906,-1.9912520747911322,1.5555880645541151
907,-1.1558720032182286,-0.4167052786868654
908,2.0177970089317454,3.3902428959036017
909,0.4770889029766855,-0.9437764277413725
910,-1.7254489156205264,0.010160821566877686
911,-1.0463395037529177,-1.6226124643113093
912,0.0019181023139375943,-1.3345948663201925
913,-3.725250435521174,-1.387006421568838
914,-3.6991997364142186,3.1031318810925717
915,1.3469058915616354,0.5228389374132731
916,0.38921298323428694,-0.05603663024077787
917,0.5005367374464804,-0.7679139903235048
918,-2.583162937121293,-1.497757313284541
919,0.9396919700571303,-1.5700647175155957
920,-0.1709148576836006,-3.063401797029919
921,-1.0163161574828468,1.7636199718191443
922,1.883247259426237,3.202275854208169
923,-1.1011932739978751,2.933496978616153
924,3.857210170565947,-0.18869929795229762
925,1.4544151964606886,2.5826149735271513
926,1.1320980690281333,1.553506960710363
927,2.1852443449180416,0.9856764408738633
928,2.1988410078015432,-3.750357881776903
929,-0.8446746507797898,-0.6604568872303473
930,-0.9859183873339701,-0.4272394891552681
931,0.6121734461208006,-0.7455435277982584
932,-1.083509626103404,1.1093354798707242
933,-0.3866436110903338,-0.17555857754457452
934,-1.3699336981854426,-1.9458140607338033
935,-0.38363954761507646,-1.473155552089915
936,2.6309679237286776,-0.31167774932890824
937,4.324835280215133,-0.44668628076331063
938,-1.9858007029131566,-3.128544903654346
939,1.6439963370783524,0.20849457760071682
940,-1.685391359331078,-2.6000209601565047
941,-1.9025523328582794,1.957368321819669
942,0.8680216908958666,1.3321240264890808
943,-0.031437832483463046,-0.9144440414194916
944,6.040895856478998,0.537659295286736
945,-0.5875056412661708,-2.976308441699652
946,0.6746683874778653,-1.7937878104320806
947,-0.1636577025834899,0.4187703415279247
948,-0.8351486567884118,4.42994570001568
949,-0.24080555907184842,-7.533743269041597
950,0.39503717823545276,0.2073308195417831
951,-0.08223313664827313,0.40714807585931856
952,-2.19270599177008,-4.722047043518242
953,-0.8868913820381271,0.937470144009139
954,-1.228273985579791,2.612385776466808
955,4.195902892274514,-1.4721706269090067
956,-0.9241975467160448,1.9394098107575575
957,3.6163119678382825,1.3704634293908382
958,2.8365579513183157,-10.100523221594742
959,-1.642515900084986,-0.8128174485464922
960,0.9064833119880554,-0.7259603509552608
961,0.7162825517493894,1.959439856524706
962,0.8426104481397799,-1.8620313272215907
963,-0.42620726232445555,2.6532026975396135
964,0.6874936533825388,-0.6020758008724206
965,0.5635951238168827,3.2210617127074
966,-1.2299718095482615,2.4612462810730835
967,-0.5744004238715927,2.685119423478058
968,-1.2515540557210807,3.189611447749016
969,0.6377788524747154,-1.117767373389615
970,-1.6860248223298886,1.971435616956247
971,1.1352867195048195,0.19665241992412955
972,-1.2903689454141407,1.4924119857399398
973,-0.5524719392596084,-1.2107055903637511
974,2.0957374771299726,-0.49224004939943544
975,-3.824762868441331,-0.6339311704983392
976,1.7894784795031002,1.3800187229700707
977,2.256027870802454,3.5916745389304876
978,-1.472457776293867,-1.3028041700759816
979,-0.7495757787548829,-4.005543185868921
980,1.8636186096459932,1.9832864321912267
981,2.0243359486521615,-2.765861251091753
982,-1.4030583532238012,-0.5085440272494081
983,-1.0728820072395224,-0.99483162455495
984,-1.7344501925863685,4.639601428860551
985,0.25656003667445243,2.7402226228119133
986,1.4146661353639762,-2.1184997286768983
987,-0.7301184334584256,-1.3279038329271644
988,1.7549230250941132,3.949007120467823
989,0.5303184491444434,-0.5949652980098171
990,-0.47933921161569476,-1.6587811221202085
991,0.8903217813438078,0.4733898912195797
992,2.282495040684762,-0.7689866459637771
993,-0.10220857198544282,-1.1749822571708821
994,-0.6672123963594221,-0.9529498402483312
995,-0.6240214970278037,1.62238407916608
996,0.39177420301002464,-0.3594660554135452
997,-1.8879401082517602,0.5706164931878146
998,-2.8062528680327676,6.096672681303267
999,0.32436808979488724,0.24253744331565502
1000,-2.9998444754403057,-5.46135866695733
1001,1.6040348857344193,-0.1508845281130774
1002,-1.17325731156556,2.9643682448166175
1003,-0.7869374817107608,-1.024783391822794
1004,-3.831739502026386,4.190880506376222
1005,1.6723557990390083,0.0736008095772787
1006,1.4419473413181056,-0.896672908942672
1007,0.44741998054427634,-0.8317792152981571
1008,0.7136079064845581,2.624263172626458
1009,-1.2931765995651319,2.151576918959278
1010,-0.5904750441282292,0.21548860638541623
1011,0.7189086809143986,3.196285478347809
1012,0.7517892578375895,3.082563776834798
1013,2.3297486801283434,2.8324113054746247
1014,1.7382548044144186,-1.9644020152394348
1015,1.0811274661536432,2.9744722455685877
1016,-1.1670718300142366,3.5406477074950886
1017,-1.10072419237234,-0.6085633513377777
1018,0.3183979312958557,1.4611246695317905
1019,-1.3730425093148604,-1.5677469336721181
1020,1.7121894382218084,2.711129467929206
1021,-1.2013796478845926,3.1047280364908847
1022,-1.157512321271455,-1.7691460543868254
1023,0.8470937832791812,0.33978681138742506
1024,1.4730463889601315,-1.7921644876852427
1025,-0.127334305354438,-0.07237121189264216
1026,0.17882482312599873,-2.987249633145279
1027,-0.1591905657767237,0.9407631120673343
1028,2.636895951928803,-2.4974092432774784
1029,1.977265677003175,-2.202130441791902
1030,0.3839711069284336,1.722948033210073
1031,1.67755577831781,-0.6685937619033702
1032,-0.3250227874246452,3.180000368277457
1033,-0.9238291245990796,0.057262117679164594
1034,-0.008358672628103053,-3.7905615599718683
1035,-0.042878807285547466,-0.6027868168386662
1036,-1.3520259537982942,-0.12841004634085187
1037,1.355299098884624,-1.628888428730715
1038,1.1106682018068246,2.9188373911389385
1039,0.9387015806454247,-5.56103529683987
1040,0.9478595314008521,-0.7889304206695777
1041,0.8584977250359007,-0.4703382307607756
1042,-1.1331823076400218,3.8952647344103855
1043,-1.1078434732115054,0.16978521708852753
1044,1.6972865517465319,-1.5373260227680894
1045,1.8430502466833654,3.8460138315318284
1046,2.8097629777559057,4.355165050320123
1047,0.4806983481316954,-0.08942912636806827
1048,1.499814034814377,0.5192926916554692
1049,0.6505000454936868,-4.010253032713444
1050,0.188873733671998,2.921107341642702
1051,-1.3393505738270972,-0.36813641273690195
1052,3.3170716065497325,3.5681457671330152
1053,-0.7173799588258079,-3.2550716167550946
1054,-2.7570359749573687,4.332856292431992
1055,4.010764350876664,-2.4522287378139533
1056,-1.224330227496976,-2.9274508023584196
1057,0.531085900549356,-2.0683104738299547
1058,0.5301757821111321,-2.1205416259274292
1059,0.6221965029912205,-1.2490556820488252
1060,3.719390116748452,-1.5400213734169657
1061,3.827392617545761,0.7822960657287833
1062,-0.8713882762446071,0.06789767039050393
1063,1.038248097642745,-3.5041834100674722
1064,-1.4837275746612264,-1.290917138082042
1065,1.207575984391681,2.704554565900281
1066,-1.3299239429515717,3.5194336320603696
1067,0.08288937991566266,2.5116153608543828
1068,-0.2982577179817083,2.6256547919386293
1069,-0.0024121388299213945,2.5305368175661616
1070,-4.142068349593269,1.0516688765503694
1071,-0.41070674428128073,-0.21493129982826514
1072,0.9010674986700566,-1.3457979120734571
1073,-2.343643460012311,0.9652278093405676
1074,1.2006633681517422,-3.2256393150152447
1075,1.11763311546593,-0.3718895285659552
1076,0.9521309789398753,-0.3918385665030553
1077,-0.32427677096892854,2.9514612891809344
1078,0.5532477480774023,1.0709248357929197
1079,-1.2148453351146373,5.488413962629122
1080,1.0666257126556151,-0.18849573356149185
1081,0.39983755785861685,4.113674291728858
1082,-1.2442793035704705,-0.6270087201273656
1083,1.6734166021227896,1.0230711317383996
1084,0.6518540287632112,0.2470047254597643
1085,-2.096615066574184,2.700342242728444
1086,-1.0571573447927132,-0.7634903212725087
1087,1.0624573845871137,-1.2467961667027863
1088,2.598560051672308,-3.0474816272834233
1089,2.789897882462248,3.656718953084456
1090,2.5750854034435786,0.8103040675502658
1091,-1.215940807642981,2.765343371369355
1092,-1.1043372520687165,0.3989483459767239
1093,0.5174357135278995,-1.8965609806762946
1094,0.5461319118074932,-2.1678168022520867
1095,-1.1135369351215163,-2.0858536274738393
1096,-0.8906544117893215,2.2085197160286567
1097,-1.4517264593385155,1.6012259905146065
1098,1.3518720224164453,-0.7770861824133428
1099,1.0629727782614977,2.152215753492213
1100,3.9417467615873245,0.2874109907141025
1101,-0.2415412586353931,-2.433301033978943
1102,-3.693445546250716,1.6671692250535195
1103,-1.6036530254413672,1.394121591767006
1104,1.6710611982478927,3.3861833628052884
1105,0.5909685496753841,-1.9583386483533562
1106,-0.6935631810051511,-0.9510243196126306
1107,1.114306611805663,-3.5488942847211837
1108,1.3339260043210002,-1.0381570046502941
1109,1.762154137883669,-0.8143770597056519
1110,1.3085676453534256,0.4027446134694635
1111,-0.822279265768361,0.3397665978521766
1112,-1.6699571386027605,-0.5343007231812502
1113,-0.43223856807510075,1.9991006359816663
1114,-0.6953391620738472,0.17219547745263633
1115,3.8874015357377307,-0.3049522793131193
1116,-1.2566460905920442,4.268328839209999
1117,1.6326745205149564,1.4001173347505722
1118,-0.671413212061362,-1.7975817128948126
1119,2.7047064529961746,2.92775105820326
1120,-0.9940085202154885,1.842977177117469
1121,1.1047123084216675,0.607268194265617
1122,-0.9016647154771698,3.4680750438835806
1123,0.2243509414560751,3.570230242409802
1124,0.48592912130014015,-1.2100145196684824
1125,-0.02804156674312075,-3.762050108847556
1126,0.21181779052344274,-0.11577222288191483
1127,-1.8773223846097271,-0.7811854941675275
1128,-0.06199239143311741,-0.9044461002695523
1129,-2.2279714828954402,-2.143131325364125
1130,-0.8001131660228665,-0.8877463112031826
1131,0.047826203199497166,0.6634629970460175
1132,-1.0448740284770734,1.8804278978238718
1133,-1.188250824095905,-1.1616743787496278
1134,-1.0993000251653642,-1.1377343463587783
1135,3.6946863836398367,1.900368232547789
1136,-0.8923931572701459,2.6046108322796897
1137,2.715644025906226,-0.810402111059527
1138,-0.4361465546249741,1.1194014638452159
1139,-2.204998620023209,0.4453651510603796
1140,0.2864668749326645,1.2884714893168305
1141,-1.9996265358514926,2.3838369999360545
1142,0.3967904528916871,0.9864317001985831
1143,0.4932040259274317,-1.622998887531951
1144,1.7619628523429345,-1.4608366308544984
1145,0.6633158096782941,-0.45913132817415253
1146,-0.08808670467379548,0.3515179405741074
1147,-1.052103550868461,0.0005499654176934483
1148,-1.1963915486942291,4.665637940411395
1149,1.4748126648955393,1.0367261147352917
1150,-2.4293474291863495,1.6395972143870772
1151,0.3730509249435709,0.06270138662093082
1152,-0.8899150207101906,-2.8109542561161427
1153,-0.6637726477338438,1.5871852359481635
1154,-0.904821414805918,-3.192211500943686
1155,-0.7449591038278645,0.9102903886852979
1156,-5.632007209194213,1.028587233460214
1157,-0.714159790291705,-4.033566481416745
1158,-1.6329005107316124,-0.38489281053009733
1159,-0.2017876407772711,1.5319049500159279
1160,1.5463890271956682,1.0587237791671555
1161,0.6913325991125235,2.43635068844333
1162,-1.6467352588950543,-0.3343721885388369
1163,-0.17126122599388335,-2.257517897424809
1164,-1.2566783796758698,3.3584613426415597
1165,1.2820467246928973,-1.1899657306258153
1166,1.3421530388867984,-0.03059074747729364
1167,-0.6788958228905071,0.36957288099401814
1168,-1.0608750586947662,-0.8432171798756171
1169,-0.10957976119166865,-0.04301029700044039
1170,1.4774924354665067,-1.5573177488350143
1171,-4.891820502777715,3.659230399824987
1172,-1.580055340116375,-2.0865547301328253
1173,-0.7731443129232535,-2.805320181222983
1174,2.243544015367796,-2.327108165420097
1175,1.6244605587220404,-0.24945025847512975
1176,-1.7132196132236448,-1.631619112831791
1177,-1.104113004999603,2.7996284874917103
1178,-0.3321769608584137,-3.521056187030885
1179,2.044762412845688,2.8655793269975494
1180,0.9923828364393485,-1.2221259567546001
1181,-0.190031588050242,2.2899707517479984
1182,-2.9583548142591445,-3.3228065483288693
1183,0.2335865260770274,1.1754657174480632
1184,-0.14575929816657726,0.04451922846018232
1185,-1.210581886752894,0.025083843284818347
1186,1.1900913534802369,0.12411219043682556
1187,0.8143789506132466,1.0346501824790997
1188,-1.3281210668266352,-0.4554862814864532
1189,2.011076118245295,-2.1806403205833065
1190,1.0938179792084124,-1.0861628769724483
1191,1.2604123236434586,3.4313401693491827
1192,-1.5712675662484956,2.167223324415931
1193,-1.2522356992697754,-0.8923995024432296
1194,0.5038594159916645,-1.9068380454855562
1195,-1.0291834065056285,0.20247482690107263
1196,-0.0007329366339562071,1.398651494804462
1197,-1.0194121686273814,-0.6467127381941956
1198,0.5611241893141383,-0.7707613625492288
1199,0.06681801675299073,-6.931503323964831
1200,-1.0954914099500956,-0.397997275061242
1201,-0.0009585360541532176,-2.3044551654898693
1202,-3.3102587877336025,-3.2653429972933465
1203,1.7844427067505118,-2.226135063718047
1204,0.9841691575097897,0.30720110878064055
1205,-1.268598820432673,-2.4124211609549917
1206,-0.6536783095198975,-0.7461884339991869
1207,0.9776123229609874,-0.3098741374800325
1208,-0.3246377063080987,-2.2810363174836334
1209,-0.2516332166264259,-0.5996056092066706
1210,-1.1552076857199998,3.889408633921801
1211,0.5211136999071492,-1.8065917809799443
1212,-0.2512594215557095,-2.767909364529815
1213,-1.1830455691218393,-0.519580835962745
1214,-1.1954937182719478,-1.2760273406237517
1215,1.469862464861819,1.0970066147620752
1216,-1.0125037520608342,2.0672828299591615
1217,-1.2518102407600549,-1.4248113523717008
1218,0.9613313324413538,-1.8658919097873707
1219,-0.5926679301893616,-3.2388441203608287
1220,-1.1471934013395444,0.39859370712893066
1221,-0.6171460718832635,-3.957111037805834
1222,0.46288394860786275,-1.0969518744841324
1223,1.8322507258420975,-2.7506347715521944
1224,1.8212305902704686,-1.8129444126397347
1225,0.5661541855655071,2.9065951091713886
1226,-0.013688830228029056,-1.3077405136461822
1227,0.8109467544621712,1.3897969132545411
1228,-0.7281570446122493,-7.4755724444266685
1229,-0.06855442942184055,-0.49362367577422456
1230,-0.7891804229329259,-1.0405303883877401
1231,1.2948951080732833,0.31651436274726574
1232,-1.152333893436195,5.555348238633528
1233,-1.255350188064661,1.0216664067859735
1234,2.1334654282122556,1.317696372498826
1235,-0.7221796238048201,-2.7986587185497953
1236,1.655107638971287,3.632922240659809
1237,-3.829059606064223,-0.9952813617706093
1238,-1.8792082671297907,-1.306918507651936
1239,-1.2987374762554063,-1.047967827246103
1240,-0.7548329280606294,2.876874375405902
1241,0.8324842122457563,0.6996720053264881
1242,10.993141462716032,2.1186386284713716
1243,-0.02956543526386223,3.4849477276670933
1244,-0.7384359716553301,1.3238653499568447
1245,-4.0439733393772626,0.4868390716454806
1246,-1.1314062772824744,2.237192914773845
1247,-2.7514328070297935,-0.06358830853225388
1248,1.0921267659813143,-1.0203579011167836
1249,1.2205762886594065,2.585027545780733
1250,2.349560213320901,0.5643998462744743
1251,0.41847827724241904,-0.29921390114965885
1252,-0.6951333903814509,-1.7394927910726543
1253,1.1139393756167217,3.7054311284935775
1254,-0.3300671087810097,4.0810688903340475
1255,0.8659051577888057,-0.2398049454699837
1256,0.9310070338698717,-1.627591009732584
1257,0.33771930540303235,3.676136301852674
1258,1.5330864449766066,4.881399575933389
1259,-0.00123121251672303,-1.1775018958561216
1260,0.6672250706044485,1.9972269592593044
1261,-1.5247817633339327,2.4299444862417565
1262,0.6452014950674744,-1.7273035774138659
1263,8.299641510126296,14.583597721381954
1264,-1.516516145770365,2.7459597374542546
1265,2.0503897587174826,-4.348824168517661
1266,-1.1733868312125977,-1.8788510697967806
1267,-0.9438901871194858,-2.0523051189684662
1268,-3.6093218792506674,-2.4590320380154056
1269,-0.8363645730332201,0.5939804001789316
1270,-1.3233476364049095,-1.1510095522058157
1271,1.839210483541815,-1.1936744761404718
1272,-0.8184373082514008,-2.8115286368573154
1273,0.5997668778821107,-0.11947372783538095
1274,-0.9624484676168819,5.605574309229913
1275,-0.6023413812462242,-0.4121194967341229
1276,-0.9112085386481152,-0.25890069074615296
1277,0.019712716306165952,-1.9956723251814816
1278,-1.0857769174081489,-1.9567287815978616
1279,-0.566812225146768,-0.9237036964685592
1280,-0.6223234272908738,3.827244411550469
1281,-0.6762130049480041,0.16774846364713192
1282,2.410981529930691,-1.7832165227870471
1283,0.5047009738571417,0.07600969435293894
1284,-0.11523738145695335,0.4156089020453954
1285,-1.337891352781188,0.5393647291957295
1286,0.4610661561980953,0.9092413674300783
1287,-0.13677949568319023,1.6385035069622564
1288,1.2203630971178274,-1.1277174991247019
1289,-3.521948647888548,-2.829580304276712
1290,-4.54655260581386,1.1174816630172313
1291,-0.0790808636397205,0.5060141661993909
1292,0.47606712440858606,-0.6328635136075962
1293,1.7035707484040823,0.8330527481945916
1294,1.5739220368259899,0.7243344796060923
1295,-0.9333020308381539,0.1606120716224413
1296,-0.7749541503653844,-1.454227364190985
1297,-0.2915284458374271,2.466987330564663
1298,-1.5749793438786834,-2.927487266752288
1299,1.025644478834191,0.023766822150369876
1300,-0.15737063128575257,1.385253083874387
1301,0.6645347114216908,6.350083783602103
1302,0.3813646921926723,-0.4872506219823851
1303,-0.7690845671927415,3.0492756078463703
1304,1.7280676324206097,-0.5347118401869837
1305,0.20138849581537865,3.8481917704541004
1306,2.9872015281509543,3.3896148346186017
1307,-1.0519661178842115,2.5438449491374273
1308,-0.6769129156993138,-1.2433505806833105
1309,-0.06660825534772974,-1.212875798731963
1310,1.6270389952951203,-0.27642544596542096
1311,-0.11250077518328308,-0.11127765132304303
1312,1.297380004759011,1.6457782671861567
1313,0.7929402645018582,1.4481323456902866
1314,-2.5505665424418824,-3.5447330683804283
1315,-1.124067405086011,1.7470486761539679
1316,-3.9979866533317012,1.941706381875658
1317,2.3062662972581043,1.2918955245334156
1318,0.5526741008878745,-2.1745317078346256
1319,3.995260097381419,-0.7325339635950575
1320,1.0561374827438927,-1.431265371214454
1321,-1.267078478468908,-0.2766362000441776
1322,-3.842222087487858,-1.2553363665398274
1323,0.3816469890554021,-3.4169623813936734
1324,0.7030631935602888,-2.820699836464113
1325,-1.1726584495766086,2.4536363773306955
1326,0.45513437646431154,-1.1448433428375417
1327,0.4730197111661882,-1.0612459815445474
1328,0.4580850399614214,-0.7136077099076261
1329,1.4249574318087403,2.311640243897276
1330,-0.23329430418191846,0.1813525832382899
1331,0.32399422777743336,2.173004680449889
1332,1.4068164709125597,-1.6991154867328566
1333,-1.35418983788177,0.16775351389552665
1334,-3.3725494210648264,2.9617595984057563
1335,-1.2750717846888584,-0.473271541227877
1336,1.2979986072986347,-3.2894299589899068
1337,1.8095748714678968,-1.5225990325372238
1338,0.06941121429225566,-2.122112698454017
1339,2.192093481427582,-1.2431780707999085
1340,1.664776586597116,-2.012378503779956
1341,-2.1991386781451348,-0.859617180827266
1342,-1.365564706642153,2.831092101878798
1343,0.7410550041010657,0.7776048545324802
1344,0.029968406104752283,-1.9756046843432125
1345,1.4780668423671786,1.816026565377182
1346,-1.0026599831469276,-0.654743848146385
1347,-0.6296596831121269,1.2690653650602244
1348,-2.2028745489547945,0.8419748075209441
1349,1.7023838368567341,-2.4788510679693263
1350,-1.6047085893896624,-0.9092675566988249
1351,-0.7690555437856628,-2.514135399407589
1352,-1.480393830947027,0.6960116360220104
1353,-1.548528982685174,2.0769465962928204
1354,0.3686558207895173,-0.22773347475793695
1355,0.9769334875845591,4.555378455959867
1356,0.3176047529130263,-1.0123021070436273
1357,-0.01691285286417871,2.5096310971814844
1358,-0.9327230239650536,-1.6840264782934342
1359,1.023920166817204,-6.127510860315551
1360,1.745579367662303,-0.3858304417691887
1361,0.5229623315323093,2.2012434567688324
1362,1.5069162616788203,-2.2213903416708
1363,-0.7984787208088672,-2.8153285081268757
1364,-1.116713242486606,-0.21190486849374027
1365,1.6781482238464465,-1.1927391008998913
1366,-0.025779238929160963,4.243065914613859
1367,1.8348125457099653,-0.7766052339515398
1368,0.8695634462998865,-0.5183186320644764
1369,0.4025897359201273,-0.37751904729225727
1370,-1.4684230600147388,3.251861520241252
1371,0.466699646489103,0.4546318679942142
1372,1.2458701690590541,0.2067151300361513
1373,0.34735960761591306,2.89661168997496
1374,0.9059909856030118,-0.8761932936321506
1375,-1.719463876989743,-1.410574272664709
1376,-0.179594055741353,-0.6790017246954014
1377,1.1958887988543219,0.6388371783965513
1378,-0.6926842700515359,4.239460671518243
1379,1.0620873518302758,-1.452540581020914
1380,-0.7431536137665197,1.4042790190898269
1381,0.6196527181762541,3.9744744833923784
1382,0.9291132797953363,-1.2247266362611047
1383,0.9902748380411699,-0.7185984424378428
1384,0.4955110432284548,0.9729353187506242
1385,0.46862377780375025,-1.2610699024241045
1386,-0.2412583929132483,2.1654280652177866
1387,-0.17896783444968697,4.798990296572427
1388,-3.193361293644107,1.1429305507809662
1389,1.0426412090363408,-1.3270746485617393
1390,0.3174404960494309,2.894093460296516
1391,-1.295391953240611,2.2023691258447298
1392,1.2869761732463518,1.8018477515212967
1393,2.528922560881283,-0.299829658593636
1394,1.275673564141059,-3.3292091472179655
1395,1.616085477108162,-1.4708003093567907
1396,-0.450934434084198,-0.7468333949326058
1397,0.14331541154612412,1.4957280492806158
1398,0.7211614408651673,1.126117747023599
1399,-0.8263441369132979,-1.3270550601905051
1400,4.2392769383490245,1.419612904189807
1401,-1.0779025143436674,2.2741839652760256
1402,1.8916179168635108,1.3391179289382196
1403,0.9684070895419102,-1.764308165367137
1404,-1.0592998897702812,-1.6308057018471627
1405,1.050920071309286,-1.5784114807215959
1406,1.590160344696603,0.6231126828195148
1407,1.9118769704854541,3.619757574170064
1408,0.02728178440997086,-1.8739375853621298
1409,-1.1223783512714542,-2.599345187596305
1410,-0.5572750770896712,-0.5369384800582285
1411,1.1050042938657398,1.48284352191318
1412,2.307518697799703,0.4287142294617903
1413,0.8205610982877395,1.712906871305979
1414,-0.14996585890010797,-0.8786348737659412
1415,1.5464322751326598,-0.8840189648680248
1416,-2.6154900297768346,-2.720186676014887
1417,2.3251831569431936,1.7074438856087506
1418,-0.31077136797374466,0.3323286066689901
1419,-1.5038919604779242,-0.5206761238193572
1420,-0.7857852555931347,3.0498179471456175
1421,0.03623316040497206,-1.5493681056679185
1422,-0.905773844037149,-1.0394688142000608
1423,2.148998411010874,0.5106538844490403
1424,-1.158047990470985,-0.3592045239238915
1425,1.0571566031579176,-0.4327198750395358
1426,1.3416186437388977,-0.955117387943244
1427,-4.0722869708440035,-0.557543901739128
1428,1.5885677266458467,-0.7288895941877054
1429,1.80427728970085,-0.39821031277436864
1430,-1.0576773640330377,3.690596342631336
1431,0.7076373890533751,-0.3482995592359777
1432,-1.2090481834716509,-2.6026569854849897
1433,1.9095298630435897,-0.40666720440000875
1434,0.4309380525014603,-0.8327606646875968
1435,1.1041801217860876,3.3686826150273608
1436,-1.2090033321336138,0.9742671917424361
1437,-0.7681093619130085,3.5471581935837455
1438,-0.38612241683907345,2.1945479194684197
1439,-1.1773344353781012,3.8365763869170597
1440,-1.7478102452135227,-1.6413902588303322
1441,1.0162430553991308,1.7188795563769785
1442,-0.48473388734644085,-2.5061214254294786
1443,0.9419623087998567,0.35290023326642966
1444,-0.8241490706788624,0.4031249627939203
1445,1.6744090803220262,-3.3397831700341416
1446,-2.0753767758504496,0.6331654125979294
1447,1.5962762787956086,-0.7482748644896178
1448,0.17721484135910429,4.326378056960186
1449,1.8745401902009549,-2.482252150653085
1450,0.7543583363419238,-4.847590463610825
1451,-0.691204190378965,-0.5180551607890025
1452,-0.1914228645113568,-4.313045669314526
1453,1.6284983722111406,-1.501502566006435
1454,-0.5359881130128479,-2.746055439927697
1455,0.4897715313359542,-1.4306200433760756
1456,-0.1084699924158881,0.10380320325214422
1457,-1.5164060247507416,0.7460473330182126
1458,-4.023520950046137,-0.39612967382288256
1459,-0.7022812883732228,0.12097365979430692
1460,0.795293015300402,-2.447970982404523
1461,-1.038602663566185,-0.5579340567919818
1462,0.7553938643701048,1.9384443747481872
1463,1.9905280196380812,-2.057805372774441
1464,1.5773716878326833,-1.24437525341398
1465,0.6128675746464507,-2.36855276356009
1466,1.8437818142570612,2.90072431100612
1467,0.7920425326612929,-2.2046568894598564
1468,-0.8509303768397085,-0.4079162110660977
1469,0.009796122682246727,-0.7341388492900206
1470,1.6921232968938236,-0.9389542531760667
1471,-1.1237395034038262,-0.5616235592841675
1472,0.8612814146945793,0.4084396843036851
1473,-0.5900473035410891,1.5999195916989741
1474,-0.6017388472734774,2.048402532733673
1475,-0.05278970938587651,-1.9053371336564109
1476,1.3223844814843766,-0.8475112286889331
1477,1.4681746530641746,-3.077110028961702
1478,-0.666962090434923,1.253862652719165
1479,-2.4064067810844123,-4.431102007894568
1480,1.079786301617693,-1.1570844777169664
1481,0.413051496394414,-0.11644133375486677
1482,-1.182525096112793,2.8604887383516693
1483,3.8058334226742896,-0.7585508713244408
1484,1.0919499016480851,-2.023678083633992
1485,1.758074826611109,-2.589507959630547
1486,-0.5738962027825074,-1.079507132550595
1487,-0.0017545494179195744,-2.4465565969918424
1488,-0.5551638563844765,-0.9176287096830635
1489,-0.9792232090629751,-2.499310756061996
1490,-0.4160736688674146,-4.093082462350725
1491,-0.8271722301752398,-1.2923298182777954
1492,-0.5435047696877052,-1.2385412357371492
1493,0.35711219012633316,-1.8577967543854874
1494,1.7623422656270746,-1.0667706770273617
1495,-0.27352675165676416,-1.43212649427905
1496,-0.8849091897178543,0.9572319330543951
1497,11.62265973274274,-0.28651067810252373
1498,0.39993299203838983,2.0566240136612177
1499,-0.6248988999831749,-4.905436234420724
1500,-0.1237335845784993,5.056674707965813
1501,1.5663628532706106,2.162111776120371
1502,0.5111666162266019,-1.110852987757655
1503,-1.831800917320314,0.39649884141843106
1504,-0.8278250019033899,-0.7143782557432669
1505,-1.850206594282264,2.4115541365261093
1506,0.5191494964102129,-0.017452589406191113
1507,2.8413048138568078,-3.4449969022102627
1508,-1.8691689714570214,-2.753537171090166
1509,0.6507440009284614,3.0103469969546004
1510,0.2469358007709269,-0.5247591557484804
1511,-1.7501403057937714,1.589103249832373
1512,1.9287570992058447,-1.6426085906525267
1513,0.5958461475274698,-2.336960230938274
1514,-0.36660568592422044,2.822790873510464
1515,1.763701025767957,0.009421915272589525
1516,0.14538534226053174,3.749721166057618
1517,-1.551561555623539,-0.08642620961468235
1518,-1.194630930478151,6.066535152090801
1519,0.36997764542945216,2.810349945338881
1520,0.2805323748112799,1.8676198459624032
1521,-1.1403532363568305,-0.8008123152548792
1522,-1.0793939278249958,-0.06391826115450776
1523,-0.4237101965453018,-3.844185324112125
1524,-3.0404721916907933,4.547909158474841
1525,0.375822532833854,0.2782302885028509
1526,0.9316367748491177,0.6928480863835705
1527,1.3008250234475411,-3.6085124629420067
1528,1.3052485214674703,1.4787036997136884
1529,2.4849103126873997,-3.7744429172001195
1530,0.5470825899745804,0.07104645135348474
1531,-1.5405495072602116,-0.5300490315737678
1532,-1.315335842972848,0.26335758097062456
1533,0.295775610488867,-3.213346475282294
1534,0.32309502877093604,1.638958750432183
1535,1.5701714266915983,0.04059463759894089
1536,3.3297134844606764,2.562266771847258
1537,1.540500691975067,-1.0156656954407026
1538,-0.0837139320842501,0.021136768373441323
1539,-0.9472652442670226,0.2735162139995194
1540,-1.2316013046147853,-1.2763678685842519
1541,-0.9810711401075924,-1.5178939077484523
1542,1.5290489840424766,1.744772374074624
1543,0.6546273972897402,-3.7646567769378314
1544,1.5252623115713322,0.1755768150742351
1545,0.7049075823366757,4.732454436409414
1546,-1.8355683549767254,-0.39995482116021797
1547,2.6410428083536535,1.376117953712569
1548,-0.4932602777591465,0.3789077670233164
1549,1.4506910318363329,2.343940952532873
1550,-0.4167485812547687,-1.6840540829101418
1551,-1.0332983251514312,-5.62138510329711
1552,2.4415314604605043,0.41871721374101245
1553,1.118016913578399,-3.4910337272776117
1554,-1.1721981562125812,-0.22858246116734632
1555,0.5876637532920763,-1.0924694691206622
1556,0.8690032042556656,-3.844127166395841
1557,0.3950945246555088,-0.4833268119445448
1558,-1.574713727759546,-0.61112774285649
1559,-3.6982757515945086,2.4831703843353394
1560,-0.6561800330560299,1.069764593048818
1561,-1.2942677224326564,-1.1203814500982925
1562,3.002761815167984,-2.370088049136641
1563,-2.8265175979962422,5.084907765504688
1564,-1.7468876458439144,2.839858013548037
1565,-0.8292900279016466,0.39476100988562374
1566,-1.0852183658513352,-1.164145655221999
1567,3.784276005785463,-0.6887306811545998
1568,-0.8263867394867664,0.4093124604086132
1569,-1.0544147285680028,-0.40361476586947137
1570,-1.0539784806453556,3.799534721025853
1571,2.3299299482722984,-0.39622670512437663
1572,-3.864465037635913,-2.026647201297845
1573,-0.11900956070829706,1.8164557750466868
1574,2.0008658348569908,5.407209452700091
1575,1.3596070992394063,-0.13756551622595478
1576,0.39286554271729096,-0.6002876402315998
1577,1.1703081029452334,-0.33587836145194816
1578,3.28798971690585,-2.7414858386888046
1579,-0.8851902527628153,-0.3964860539415755
1580,3.8938286770819563,-0.41504415299475983
1581,0.39065509947622756,-0.20745614185216477
1582,-0.6573198281411715,1.9069753410461512
1583,1.7492137407920225,0.5318538768205079
1584,0.7209301933234971,1.5139664942624889
1585,0.9967409406588617,-1.0848154900142286
1586,-0.4515092970312211,0.30802035245050213
1587,-0.718205310732943,2.39914263793465
1588,-1.1945770831271618,-1.2885286896243329
1589,-0.6831637446851105,-1.9861915947652675
1590,-3.9122945290299977,-0.9143219179866785
1591,0.5731550496472672,-0.39051088518760746
1592,1.0429455203865885,-1.5311573797661198
1593,1.062530918153654,-0.46766619629013256
1594,-0.29024682784688494,-0.2317472730547062
1595,0.3985415511958649,-0.5189022286824081
1596,0.5183192198839893,-1.7257554446952652
1597,0.40275325494498976,-0.6053319898112248
1598,0.3520298119746448,0.4468146295278576
1599,-0.7701852337085999,-0.9877245992188174
1600,-0.7648208920082343,3.0242017140123125
1601,-3.5685018524847076,-2.841696938031136
1602,0.4241709884250461,-0.47592826629193596
1603,1.2455372548956856,-0.8496960969357721
1604,0.8304340756601298,-3.3114702739112727
1605,3.6768648820637684,2.013851607958406
1606,2.343137943102123,-0.15765848633574966
1607,1.403207545251172,1.621206011043684
1608,-1.1231448945266695,-1.2706977205151342
1609,0.5073056130790631,-0.8427185619333606
1610,0.3634780470188452,0.8683287385194011
1611,1.1912374572646387,2.2726047711641106
1612,0.5674947319467959,-2.156037172981784
1613,-1.4697117975642273,-1.3661661356022738
1614,0.7491225583612992,-1.9837686681645847
1615,1.3950936460398329,3.348515136973408
1616,1.4927067172366661,-4.828734965763288
1617,0.42383600991734655,-0.2835486385324179
1618,-1.24520353265973,-2.0168759302571333
1619,0.5692980684418323,-0.9774377137443392
1620,-0.01841732080844584,2.3667248113273613
1621,1.351195234321731,1.4107515895335225
1622,-1.4114486326480524,-1.4686184000710292
1623,1.4761756947857492,-0.5183644589263678
1624,-0.8033401759819339,-3.881259496019002
1625,4.220403433510137,1.1906325267845315
1626,0.4739138972836481,1.772107373340865
1627,0.3385828172652584,2.3926792199626554
1628,1.8383814348575271,0.9743360857302733
1629,-1.841511730084961,1.0852525135799538
1630,1.0286612064712772,-2.462261444658954
1631,-1.7816782120741652,1.6725607956123718
1632,1.4997851343111548,1.3638995348239797
1633,-0.3579101151248961,3.9693487970580597
1634,0.37310853306247416,2.153320420850563
1635,1.3894083763485212,2.389570009601785
1636,0.7323352065777642,1.8069877868079651
1637,-1.9318356354420332,0.19172626409125576
1638,0.8963793731873594,3.1018058370259705
1639,-3.7944167706133194,2.4262855877668756
1640,-0.941223404580711,3.8433704439037633
1641,-0.4756126496466695,-0.9332342653759637
1642,-0.5073553946370772,0.8267300753729776
1643,3.041685401816155,2.975704575987488
1644,-0.36342304819199056,-0.2940966040686014
1645,-1.0394850305851555,-0.1539403702171263
1646,-1.2401372567461006,0.22623281412391355
1647,-0.8364595095048238,-3.669799564603538
1648,0.2912032432316166,-0.33663137849644925
1649,-1.8622041709291495,1.1391763501035275
1650,-0.2572175435501228,0.9278098320854817
1651,-0.1875601770492879,-3.1487941639871058
1652,0.47557988496663206,2.1529286944837467
1653,-0.11977483835779547,0.547673052027985
1654,-1.2630732432236378,3.3585225269584065
1655,-0.30919617823309253,-3.6908809488454977
1656,0.3599793717553161,-2.885847922724461
1657,-0.3910939874048469,3.4205898255477636
1658,0.2472268823659414,-0.5508497300815673
1659,0.6343434803881505,2.6858428038726117
1660,-0.2916883450296374,3.2501089316303005
1661,-0.8252999570024334,0.791059738329765
1662,0.3095544182620367,-1.2830706123431728
1663,-2.0502727116906256,-1.0817590901602825
1664,1.354098438915578,-0.19110602320607073
1665,-0.24913347825940418,1.803610030070472
1666,-1.2113361333223123,-1.767549877357691
1667,-3.862806812304384,1.0368321809906431
1668,1.752678819608288,1.9887288851089324
1669,1.7690424309521637,-0.8906523073342718
1670,0.6407264909562939,-0.4228517460555877
1671,-0.38320890766855187,2.022434701244828
1672,-0.6593730927154146,-1.3464398506013042
1673,1.3785035253646192,2.78091664885078
1674,-1.349819511163888,-1.0678358031131125
1675,-2.281492803912365,-0.5537309064439214
1676,-2.02120134231076,0.5404188338058479
1677,-0.4590166461017701,1.5918714313541125
1678,0.4614204698784947,-1.0684793153333147
1679,-0.3648799203255224,-4.2431432867360535
1680,-2.2635687998619423,0.37219867580560384
1681,1.5169257397365157,1.3184696993134024
1682,-1.0177430713613453,0.22943279886198753
1683,1.6495878917845384,-1.8244858108375532
1684,1.7289825597994724,-0.21227157385841733
1685,-1.2250986551644563,-1.8085703222684537
1686,1.1840358397003183,-2.020674656077981
1687,-1.6190878986192465,3.416299798510103
1688,0.4459547730757031,-0.5414343089169148
1689,-3.8156482177141218,-2.143135806722814
1690,1.1778127742924684,2.054613823285077
1691,-0.03960007954114127,-2.3959688000102135
1692,-1.094875776120187,-0.5091270191996177
1693,0.10371696310605544,3.7863421400367927
1694,1.7769720932708495,-0.43270735557955553
1695,-1.462976440777289,5.997309470178616
1696,0.5748052099721378,-2.372335109767761
1697,-0.3891693343169635,-2.432719116601653
1698,0.6351046613141861,-3.421400209589696
1699,-0.41444123674764766,-0.42990576443639045
1700,0.550769527915268,3.9622789501306777
1701,0.7967411374192224,-3.9032864044498274
1702,1.5661165967173092,0.5193815718554426
1703,-1.7600558129243737,-0.7807942030219616
1704,-0.4287310733238131,-0.16257198685008936
1705,-2.54144695970838,3.85420664352661
1706,-1.2764240023187836,-2.273313133083485
1707,-0.10128660865359974,-0.9526681065892073
1708,0.9971427456238603,-2.035162862785898
1709,-1.1149840692726927,-2.6888549372731623
1710,-0.7565903639601698,-3.074956123677566
1711,0.26566463211517727,3.575965121751575
1712,0.2611697486182496,2.2026756164558425
1713,1.7675770253118401,0.41667950480509497
1714,0.6955025122892735,-3.3596836696717975
1715,-0.4243575839462826,1.5896075994389935
1716,0.6225045864290859,2.7112831022924393
1717,0.6378116524627756,2.434082830995099
1718,-3.4709646965825183,3.125767731315573
1719,-0.41899331873035645,-0.9126710660658529
1720,-1.4021053441167133,-0.7161184296334971
1721,-1.1667962844463344,1.8268006105981331
1722,-1.2084477281917145,1.183211887449511
1723,-1.2222633753042056,2.039367648380456
1724,0.5491156107427511,-1.9691071545766408
1725,-2.882612289749475,1.48547914659599
1726,-0.5288419855825074,-0.13860118812685973
1727,-0.330866115054317,2.412433150832701
1728,-1.288115989400299,3.999143186370142
1729,-0.7448958738641906,0.5560696131089553
1730,-0.3703078359511853,-2.4245572731134706
1731,1.3413236881712711,3.3953989933120905
1732,2.4777870166373024,0.22101514265333747
1733,-0.6595072008890119,-1.789804361367189
1734,1.2310710481719869,2.1127150159958297
1735,-1.1660487409534799,3.3320434856387053
1736,-1.1447521440735549,-0.4535444244183089
1737,0.7286976324024658,1.2254237798848622
1738,-0.8831820595353789,1.6133169660874698
1739,-1.0525669959813364,-1.788482827568071
1740,-0.7454927555332801,-0.32980518493141214
1741,-0.8333253999079205,-0.8675993969501896
1742,-0.9094540841128513,-1.6846790544069803
1743,-0.39536501086870995,-3.87504977123781
1744,0.3485103844392446,2.485289393273864
1745,-3.622992458847987,4.261813719229526
1746,2.546890847655119,-0.6025432546377151
1747,-0.9953622241324246,2.529918245184314
1748,0.2679986368863629,0.9824689693923228
1749,-0.7499460022100385,2.1490092986973575
1750,-0.8614674215359387,-0.2207939093694169
1751,-1.2920616136588199,0.9092289050328547
1752,0.32089312276477727,0.07079904699026783
1753,-1.7154481689126175,-0.9208683601698414
1754,-0.03387193116632954,-1.6739460491094384
1755,-4.026868015794802,1.603010381558203
1756,-0.8375464285711721,1.0039668295208657
1757,-0.109322642832466,-3.9341628950648704
1758,0.8800567352850073,-0.5781934748428534
1759,-1.2546849992420084,-1.1558924813382712
1760,1.2301572379662062,-3.4436190632122066
1761,-0.25755654067142025,2.517043174041645
1762,0.682655618792278,1.8402270340421258
1763,-4.032749989835794,-0.341026051583414
1764,0.8602001473601217,2.4527254740216167
1765,0.12072278274931963,1.797809014189186
1766,0.7105456814850303,-1.4246080024081527
1767,-4.141108265579361,-0.12009222655152228
1768,3.895552981666594,2.5930363523912567
1769,1.105092650290374,1.6968416084971127
1770,-0.7700888025982093,-3.6376099093084826
1771,-1.646774722122899,1.1120798157670921
1772,-1.7852102775458387,-5.076698136701447
1773,-3.3851745492679415,-2.488666413914109
1774,-2.311954785862327,4.632565209350403
1775,1.013967894344013,-1.289478771950885
1776,0.4757536047517805,-0.9691607650449354
1777,-1.495215176010049,-1.0764179996568946
1778,2.249088503850642,-1.098130042820362
1779,-0.32584209360287425,-4.48716721715724
1780,0.6972112618977998,0.3896593217759627
1781,1.5251091945831354,-3.543390965181149
1782,0.9947485462207588,-1.7914647737888272
1783,0.20131390708763852,-2.2532753877805125
1784,2.0993270983661523,-2.4593193986237107
1785,-1.0824796611873844,1.507586150112367
1786,-0.8989177218104559,-0.78237796518011
1787,0.13005319709397967,-3.166008203441891
1788,4.0214315500315045,-0.8890241721919329
1789,1.2976799486481494,2.821147122712532
1790,1.9673001301827584,-1.4089376544706282
1791,-1.2583506343630664,-0.5238742654010254
1792,-1.0689392157659583,-1.4810844643400878
1793,-1.3826258670894473,2.487014400326625
1794,3.239980132178205,2.798304714171978
1795,-0.9852855296123197,-0.9949287685549472
1796,0.35984647974784456,2.621337100221413
1797,-1.0985011998481176,0.5495159260413196
1798,1.0160288361186884,-1.0179305886042689
1799,-1.220244988639652,-0.7555831664253834
1800,-0.7257893925957939,1.8323082976617717
1801,-0.4917350863727483,-0.5073470929817934
1802,0.7949209246689612,-0.9077419052743942
1803,-1.54169771672849,1.64384822699777
1804,-4.054127156051732,-1.2168780749386525
1805,-0.9221128953588309,-2.218323626442346
1806,-0.909247105278903,2.666082174565994
1807,-1.3865630656905392,3.0110993037461258
1808,-2.4126679177003516,-1.4232057601304426
1809,-2.9960477253803703,-4.5651927035721656
1810,2.337017162648582,5.0727904045602985
1811,0.2858250754793015,1.125447550173499
1812,0.982638074005205,-0.6375225008075465
1813,-0.47147520107341434,1.6547404405964876
1814,1.3255910286470305,2.7092909115266406
1815,-3.8282607828637505,0.9326042560919019
1816,-0.9963181081874023,-0.5090150299783254
1817,-1.303610301675227,-1.8101986564761245
1818,0.29187804331649625,-1.7470266684790003
1819,-2.630051310538247,0.24600517487253085
1820,3.3842295563281417,1.9364769710986924
1821,0.7633076602769723,1.302274798217502
1822,-1.0774739901928936,-1.0447701453435119
1823,1.7169833299673305,-2.5803718758222427
1824,0.6176284096825857,-1.1701711819874425
1825,0.9488061859885364,-0.04242274722637466
1826,-0.7563678860409329,-1.1052205981710321
1827,-1.7534418500749156,1.0276361408581713
1828,1.954083089941284,-1.1869473118341012
1829,-3.767438728395251,-1.0459724729369018
1830,1.4682636740782236,-2.497600530363385
1831,0.9752651226310655,2.279316396157359
1832,0.5322261539522825,-1.133428048825695
1833,-0.3692465360144748,-1.2273561415281085
1834,1.2577281634214115,0.9965802762790453
1835,0.4193162278739465,-0.9587110377996038
1836,0.7301870466482763,1.457798788796506
1837,1.0380981471375497,3.7038623772350587
1838,1.608673167544983,-0.670201586639647
1839,2.456410009730813,3.3116959999508517
1840,-0.265331765204116,0.9976180072579751
1841,-0.5194978312401201,-1.6540419560126098
1842,0.9603275875630687,-2.4133882210639097
1843,0.18489537738948503,2.9361790871918543
1844,-0.0006943933304391657,3.4770342770983547
1845,-3.7536981870338346,0.8234101382445554
1846,0.6440771137201463,-0.05726336120791762
1847,1.213225581836704,2.519889542775803
1848,0.054411519213208165,-1.8288009841945398
1849,0.4124851390190623,0.6600802414650742
1850,1.6708515768047447,0.1773151629833134
1851,2.0274269234222655,-1.4173293574712396
1852,1.2948089497159503,-3.3323741091730015
1853,0.40519966109130473,0.2961836763634296
1854,-0.8232966523924772,0.6172795648398371
1855,1.3582991346108557,1.313478821900231
1856,-0.6024398200254046,-1.7931453291614343
1857,-1.8092101836387802,0.49173636450959024
1858,-1.0782179558924143,0.6329800571458128
1859,1.3256286788765779,-1.480523920993127
1860,-2.2836689293592642,0.23166047853249058
1861,-1.2124966163077247,3.5237773730672988
1862,0.5560295810823083,-0.044565596696596856
1863,-0.10107410957317131,-1.5359729856573177
1864,0.704506618263445,0.03249410515496906
1865,0.9053727579038371,0.9022463099468447
1866,-5.004420817537815,-3.2566373935372828
1867,-1.7903287555869043,0.28857081774759114
1868,2.354481054841614,-1.509620033089088
1869,-1.6498591438456827,-1.3422520911768812
1870,1.6653154217059742,2.2035855994481217
1871,-0.1920176195173195,1.8067034475682446
1872,1.0788077855345692,2.4638375195328925
1873,-0.9267525087737059,-1.628266220998606
1874,1.0771971900063315,3.2619933709042717
1875,-0.30360019104207014,-1.7902974615314229
1876,1.8700049993713472,2.0983176228204443
1877,-1.119489067395734,-1.2831034653372686
1878,-3.9761302086741903,1.4943441305424958
1879,0.5049939589138627,-0.884256729795432
1880,0.2399661114910246,-1.997414904339768
1881,0.940641585107557,-0.9896640012828651
1882,0.9351045021111479,-1.5012802993033485
1883,0.6508840594901236,-2.790038537480701
1884,1.15354450462922,0.8697574079183483
1885,0.8943701605684959,-0.45261274267482815
1886,-0.5054653363441085,-1.8575622060360149
1887,0.987405595791221,-2.34888360416667
1888,0.1537067425555964,2.0373258452622873
1889,-1.423430312546388,1.9857659492795872
1890,-1.5084204740474232,0.014368131798472832
1891,2.0815190360249143,-2.898856455779448
1892,1.4264206039612055,6.340204227059769
1893,1.2765357807280246,-0.8845467476341164
1894,0.7225870244345753,-0.752124529973269
1895,-0.35686555899234934,-1.5130057197029025
1896,-0.4299770420914548,-0.9182220604131753
1897,-1.1680262241288724,0.38589936080066933
1898,1.2715193153779976,-6.163863962852465
1899,-1.2159811684399122,2.4842089722793053
1900,-0.9447226499617318,-1.2108177095339419
1901,-1.1441959731039546,1.0482477079694548
1902,1.1896172113417989,-5.931369407097706
1903,-2.4413783271528064,-1.3176366019036854
1904,-2.5433222196584944,3.418050620839834
1905,-0.642456474268419,0.1061470142025874
1906,1.2048771422691527,0.22422492242615347
1907,0.04998258948411777,-1.9257048458192383
1908,1.4061816058280567,-0.9599074329662799
1909,-0.9298719562566357,0.5976114360043321
1910,1.1077034925535836,-2.7240138642964005
1911,-3.967925970004433,0.7568159474040483
1912,-0.6332544590481639,0.9479500889640872
1913,3.987193435581646,-0.9894787456250062
1914,-0.8556454330411303,-1.2833338477046659
1915,-1.178326269103339,0.8263969867355917
1916,-0.8265594173219523,-0.5377436699982463
1917,0.8977074798328436,-0.0840765170421525
1918,0.10760467565411207,2.755449975259883
1919,-0.10872978031192901,-0.06552159245510213
1920,-1.4069345400253306,-0.5317814979168561
1921,0.5460865065814728,-0.9052170783456768
1922,-1.063725631318699,-2.0857947498720333
1923,4.021324600800236,-1.699620403753599
1924,0.17126083135096512,-1.5134576426172157
1925,-0.9301910774877242,4.952986587596816
1926,0.30570574648406645,-1.2339121038933611
1927,1.403278510206755,-0.2221538332508208
1928,-1.2672916645177095,-1.8473931459176929
1929,1.25865660588791,-0.4778323228761663
1930,-1.4905990222849512,-1.242626209220273
1931,1.6751646245523193,-0.7981828955306453
1932,0.9663482962967492,-0.23493227472444356
1933,0.9017386368405809,-1.4967710190543981
1934,0.12269534769364052,1.836650928767927
1935,0.46038499787589565,2.353725431881781
1936,-0.17656824392595222,0.13304993363815937
1937,0.6626380462660154,0.20579517806728956
1938,0.6022886880949336,2.0411715337271117
1939,0.5024253370467768,4.101997149744061
1940,0.9258592042344143,-1.3228957294696333
1941,0.6823265049354172,1.2559676503507062
1942,-1.3362929290541463,2.9576259258763113
1943,-1.7054153372098941,-3.828290580256902
1944,-0.17865508718241563,0.3998740001837135
1945,0.06903179352802369,0.13670585715578534
1946,0.918172364774342,-0.5793369748373475
1947,1.0160148449390276,0.6817228648979169
1948,0.43325591526218604,-0.9402175397062709
1949,-0.9574557045689894,-2.5296409523071315
1950,-0.9928879421167071,3.2741391314273045
1951,1.3266521181120037,-2.55240714998073
1952,-3.956130709742448,0.6068737638980561
1953,-0.27438667843884706,-4.853329984547154
1954,-0.29093726540283504,2.9043475381043278
1955,-2.4546851144308413,1.992278218186513
1956,0.6553386129080109,-1.0345149033083958
1957,-0.7046794851491939,-3.5954359219257945
1958,-1.1342421088016856,0.014757475516897075
1959,-3.6253475264247483,1.8731167991310584
1960,0.7042897353557523,-2.4931165402486624
1961,-1.1163869594848612,2.0308159508432744
1962,-1.5207001891638254,-2.2194078963131822
1963,3.332402340377982,-2.620286105616625
1964,-0.28223969896174184,1.593041551932006
1965,-0.30174653728027456,0.2751218714920796
1966,-0.2489253028741015,2.8753129268218087
1967,-0.8388720483924531,2.400941434030405
1968,-0.12596605392384805,-1.632974586879947
1969,-1.7970815386456862,-0.238709264407143
1970,-2.8311984780571717,0.24985010376479255
1971,1.9488610039636383,-1.5280594303081558
1972,1.8515836225915023,0.13599625633504178
1973,-1.1327589795002717,1.219850176460341
1974,-1.1116730835379889,-0.47815267974010583
1975,-0.12870045962763782,-1.8346221163336713
1976,-0.4604931546777301,-0.9442252176864601
1977,-2.155171005941317,-1.1509310806242703
1978,0.3553636339218053,1.6248466855003079
1979,1.5895137694342287,-1.1421011117953073
1980,0.3890733017044266,0.035289581141111005
1981,0.49935190389182266,-0.6468324386663475
1982,2.014914963001507,1.1700415872723837
1983,-1.143954260409308,0.741044978681685
1984,-0.5461811996930055,0.9163924870454675
1985,0.4773665484779191,-1.1455594119137027
1986,0.5127697515083006,-1.7440026640452178
1987,-2.115071680148512,2.9604315229356666
1988,-3.853548504425724,0.9014861139328986
1989,-0.5122915288404485,2.431551276436744
1990,-0.7307006675826885,1.5960596340065782
1991,-0.6629808405788751,4.600409284654108
1992,1.933654996431088,3.1397752654494417
1993,0.41893057096561737,-0.5473331405296258
1994,-0.15529424110033405,1.2391175165542727
1995,-1.1613538241749015,0.9768831456474708
1996,-0.32087800273820616,-1.1134723708653713
1997,-0.06126722515732714,-0.08971716687842089
1998,-0.07875297593109497,-1.4249181237524766
1999,1.0025784421686854,-1.4600084813637397
